id_orden,nombre_cliente,apellido_cliente,ciudad_cliente,estado/provincia_cliente,estatus_cliente,fecha_orden,id_producto,producto,precio_unitario,cantidad,descuento,precio_completo,precio_extendido,descuento_total
10248,Suzan,Plock,Pittsburgh,Pensilvania,Silver,ene-11,11,Queso Cabrales,14,12,0,168,168,0
10248,Suzan,Plock,Pittsburgh,Pensilvania,Silver,ene-11,42,Singaporean Hokkien Fried Mee,9.8,10,0,98,98,0
10248,Suzan,Plock,Pittsburgh,Pensilvania,Silver,ene-11,72,Mozzarella di Giovanni,34.8,5,0,174,174,0
10249,Allan,Strate,Miami,Florida,Platinum,ene-11,51,Manjimup Dried Apples,42.4,40,0,1696,1696,0
10249,Allan,Strate,Miami,Florida,Platinum,ene-11,14,Tofu,18.6,9,0,167.4,167.4,0
10250,Elnora,Willison,Philadelphia,Pensilvania,Platinum,ene-11,51,Manjimup Dried Apples,42.4,35,0.15,1484,1261.4,222.6
10250,Elnora,Willison,Philadelphia,Pensilvania,Platinum,ene-11,41,Jack's New England Clam Chowder,7.7,10,0,77,77,0
10250,Elnora,Willison,Philadelphia,Pensilvania,Platinum,ene-11,65,Louisiana Fiery Hot Pepper Sauce,16.8,15,0.15,252,214.2,37.8
10251,Daniela,Becknell,Tacoma,Washington,Platinum,ene-11,65,Louisiana Fiery Hot Pepper Sauce,16.8,20,0,336,336,0
10251,Daniela,Becknell,Tacoma,Washington,Platinum,ene-11,22,Gustaf's KnÃ¤ckebrÃ¶d,16.8,6,0.05,100.8,95.76,5.04
10251,Daniela,Becknell,Tacoma,Washington,Platinum,ene-11,57,Ravioli Angelo,15.6,15,0.05,234,222.3,11.7
10252,Cathrine,Delamater,Philadelphia,Pensilvania,Platinum,ene-11,33,Geitost,2,25,0.05,50,47.5,2.5
10252,Cathrine,Delamater,Philadelphia,Pensilvania,Platinum,ene-11,20,Sir Rodney's Marmalade,64.8,40,0.05,2592,2462.4,129.6
10252,Cathrine,Delamater,Philadelphia,Pensilvania,Platinum,ene-11,60,Camembert Pierrot,27.2,40,0,1088,1088,0
10253,Leota,Vonderheide,Philadelphia,Pensilvania,Platinum,ene-11,49,Maxilaku,16,40,0,640,640,0
10253,Leota,Vonderheide,Philadelphia,Pensilvania,Platinum,ene-11,39,Chartreuse verte,14.4,42,0,604.8,604.8,0
10253,Leota,Vonderheide,Philadelphia,Pensilvania,Platinum,ene-11,31,Gorgonzola Telino,10,20,0,200,200,0
10254,Tyrone,Hine,Pittsburgh,Pensilvania,Gold,ene-11,55,PÃ¢tÃ© chinois,19.2,21,0.15,403.2,342.72,60.48
10254,Tyrone,Hine,Pittsburgh,Pensilvania,Gold,ene-11,74,Longlife Tofu,8,21,0,168,168,0
10254,Tyrone,Hine,Pittsburgh,Pensilvania,Gold,ene-11,24,GuaranÃ¡ FantÃ¡stica,3.6,15,0.15,54,45.9,8.1
10255,Christin,Tillinghast,Tacoma,Washington,Gold,ene-11,36,Inlagd Sill,15.2,25,0,380,380,0
10255,Christin,Tillinghast,Tacoma,Washington,Gold,ene-11,59,Raclette Courdavault,44,30,0,1320,1320,0
10255,Christin,Tillinghast,Tacoma,Washington,Gold,ene-11,16,Pavlova,13.9,35,0,486.5,486.5,0
10255,Christin,Tillinghast,Tacoma,Washington,Gold,ene-11,2,Chang,15.2,20,0,304,304,0
10256,Kisha,Grauer,Salt Lake City,Utah,Silver,ene-11,53,Perth Pasties,26.2,15,0.15,393,393,0
10256,Kisha,Grauer,Salt Lake City,Utah,Silver,ene-11,77,Original Frankfurter grÃ¼ne SoÃŸe,10.4,12,0,124.8,124.8,0
10257,Darryl,Manuelito,Charleston,South Carolina State University,Silver,ene-11,27,Schoggi Schokolade,35.1,25,0,877.5,877.5,0
10257,Darryl,Manuelito,Charleston,South Carolina State University,Silver,ene-11,39,Chartreuse verte,14.4,6,0,86.4,86.4,0
10257,Darryl,Manuelito,Charleston,South Carolina State University,Silver,ene-11,77,Original Frankfurter grÃ¼ne SoÃŸe,10.4,15,0,156,156,0
10258,Milagros,Fehrenbach,Kansas City,Kansas,2,ene-11,2,Chang,15.2,50,0.2,760,608,0
10258,Milagros,Fehrenbach,Kansas City,Kansas,2,ene-11,32,Mascarpone Fabioli,25.6,6,0.2,153.6,122.88,0
10258,Milagros,Fehrenbach,Kansas City,Kansas,2,ene-11,5,Chef Anton's Gumbo Mix,17,65,0.2,1105,884,0
10259,Julio,Willard,Greensboro,North Carolina,3,ene-11,21,Sir Rodney's Scones,8,10,0,80,80,0
10259,Julio,Willard,Greensboro,North Carolina,3,ene-11,37,Gravad lax,20.8,1,0,20.8,20.8,0
10260,Roslyn,Plott,Colombus,Ohio,3,ene-11,70,Outback Lager,12,21,0.25,252,189,0
10260,Roslyn,Plott,Colombus,Ohio,3,ene-11,57,Ravioli Angelo,15.6,50,0,780,780,0
10260,Roslyn,Plott,Colombus,Ohio,3,ene-11,62,Tarte au sucre,39.4,15,0.25,591,443.25,0
10260,Roslyn,Plott,Colombus,Ohio,3,ene-11,41,Jack's New England Clam Chowder,7.7,16,0.25,123.2,92.4,0
10261,Eve,Haak,Detroit,Michigan,1,ene-11,35,Steeleye Stout,14.4,20,0,288,288,0
10261,Eve,Haak,Detroit,Michigan,1,ene-11,21,Sir Rodney's Scones,8,20,0,160,160,0
10262,Max,Kindle,Colombus,Ohio,2,ene-11,5,Chef Anton's Gumbo Mix,17,12,0.2,204,163.2,0
10262,Max,Kindle,Colombus,Ohio,2,ene-11,7,Uncle Bob's Organic Dried Pears,24,15,0,360,360,0
10262,Max,Kindle,Colombus,Ohio,2,ene-11,56,Gnocchi di nonna Alice,30.4,2,0,60.8,60.8,0
10263,Roxie,Prewitt,Provo,Utah,2,ene-11,16,Pavlova,13.9,60,0.25,834,625.5,0
10263,Roxie,Prewitt,Provo,Utah,2,ene-11,30,Nord-Ost Matjeshering,20.7,60,0.25,1242,931.5,0
10263,Roxie,Prewitt,Provo,Utah,2,ene-11,74,Longlife Tofu,8,36,0.25,288,216,0
10263,Roxie,Prewitt,Provo,Utah,2,ene-11,24,GuaranÃ¡ FantÃ¡stica,3.6,28,0,100.8,100.8,0
10264,Erik,Vire,Philadelphia,Pennsylvania,2,ene-11,2,Chang,15.2,35,0,532,532,0
10264,Erik,Vire,Philadelphia,Pennsylvania,2,ene-11,41,Jack's New England Clam Chowder,7.7,25,0.15,192.5,163.62,0
10265,Lonnie,Ludy,Kansas City,Missouri,2,ene-11,17,Alice Mutton,31.2,30,0,936,936,0
10265,Lonnie,Ludy,Kansas City,Missouri,2,ene-11,70,Outback Lager,12,20,0,240,240,0
10266,Jamie,Woodbridge,Seattle,Washington,3,ene-11,12,Queso Manchego La Pastora,30.4,12,0.05,364.8,346.56,0
10267,Eleanor,Aburto,Toronto,Ontario,1,ene-11,76,LakkalikÃ¶Ã¶ri,14.4,15,0.15,216,183.6,0
10267,Eleanor,Aburto,Toronto,Ontario,1,ene-11,40,Boston Crab Meat,14.7,50,0,735,735,0
10267,Eleanor,Aburto,Toronto,Ontario,1,ene-11,59,Raclette Courdavault,44,70,0.15,3080,2618,0
10268,Odessa,Smith,Providence,Rhode Island,2,ene-11,29,ThÃ¼ringer Rostbratwurst,99,10,0,990,990,0
10268,Odessa,Smith,Providence,Rhode Island,2,ene-11,72,Mozzarella di Giovanni,27.8,4,0,111.2,111.2,0
10269,Jamie,Sabat,Vancover,British Columbia,3,ene-11,72,Mozzarella di Giovanni,27.8,20,0.05,556,528.2,0
10269,Jamie,Sabat,Vancover,British Columbia,3,ene-11,33,Geitost,2,60,0.05,120,114,0
